<?xml version="1.0" encoding="utf-8"?>
<Signature>
  <Version>1.0</Version>
  <RelatedEBD>
    <EBDID>01450011600000003140102010000000000000000</EBDID>
  </RelatedEBD>
  <SignatureCert>
    <CertType>01</CertType>
    <IssuerID>
    </IssuerID>
    <CertSN>
    </CertSN>
  </SignatureCert>
  <SignatureTime>D7-82-54-A6-F4-2E-E5-40</SignatureTime>
  <DigestAlgorithm>SM3</DigestAlgorithm>
  <SignatureAlgorithm>SM2</SignatureAlgorithm>
  <SignatureValue>AAAHWAAAAAAI96s3Jm8TqjxPKu672OZwt4sVcXILzsev7oieLAYldxHyGA+itgjH5doihVo7tGP8fePKZTSxSG887lagRHpU78s=</SignatureValue>
</Signature>
