<?xml version="1.0" encoding="utf-8"?>
<EBD xmlns:xs="http://www.w3.org/2001/XMLSchema">
  <EBDVersion>1.0</EBDVersion>
  <EBDID>100103320111000000010000000000000489</EBDID>
  <EBDType>EBRPSState</EBDType>
  <SRC>
    <EBRID>010332011100000001</EBRID>
  </SRC>
  <EBDTime>2017-09-20 13:51:50</EBDTime>
  <EBRPSState>
    <EBRPS>
      <RptTime>2017-09-20 13:51:50</RptTime>
      <EBRID>010332011100000001</EBRID>
      <StateCode>1</StateCode>
      <StateDesc>系统运行正常</StateDesc>
    </EBRPS>
  </EBRPSState>
</EBD>
