<?xml version="1.0" encoding="utf-8"?>
<Signature>
  <Version>1.0</Version>
  <RelatedEBD>
    <EBDID>100103320111000000010000000000000489</EBDID>
  </RelatedEBD>
  <SignatureCert>
    <CertType>01</CertType>
    <IssuerID>
    </IssuerID>
    <CertSN>
    </CertSN>
  </SignatureCert>
  <SignatureTime>67-C5-36-7C-D2-FE-E4-40</SignatureTime>
  <DigestAlgorithm>SM3</DigestAlgorithm>
  <SignatureAlgorithm>SM2</SignatureAlgorithm>
  <SignatureValue>&#x0;&#x0;&#x0;&#x0;&#x0;&#x0;&#x0;&#x0;&#x0;&#x0;&#x0;&#x0;&#x0;&#x0;&#x0;&#x0;&#x0;&#x0;&#x0;&#x0;&#x0;&#x0;&#x0;&#x0;&#x0;&#x0;&#x0;&#x0;&#x0;&#x0;&#x0;&#x0;&#x0;&#x0;&#x0;&#x0;&#x0;&#x0;&#x0;&#x0;&#x0;&#x0;&#x0;&#x0;&#x0;&#x0;&#x0;&#x0;&#x0;&#x0;&#x0;&#x0;&#x0;&#x0;&#x0;&#x0;&#x0;&#x0;&#x0;&#x0;&#x0;&#x0;&#x0;&#x0;&#x0;&#x0;&#x0;&#x0;&#x0;&#x0;&#x0;&#x0;&#x0;&#x0;&#x0;&#x0;&#x0;&#x0;&#x0;&#x0;&#x0;&#x0;&#x0;&#x0;&#x0;&#x0;&#x0;&#x0;&#x0;&#x0;&#x0;&#x0;&#x0;&#x0;&#x0;&#x0;&#x0;&#x0;&#x0;&#x0;</SignatureValue>
</Signature>
