<?xml version="1.0" encoding="utf-8"?>
<EBD xmlns:xs="http://www.w3.org/2001/XMLSchema">
  <EBDVersion>1.0</EBDVersion>
  <EBDID>10450011600000003140102010000000000000009</EBDID>
  <EBDType>EBRPSState</EBDType>
  <SRC>
    <EBRID>45001160000000314010201</EBRID>
  </SRC>
  <EBDTime>2018-10-10 15:29:14</EBDTime>
  <EBRPSState>
    <EBRPS>
      <RptTime>2018-10-10 15:29:14</RptTime>
      <EBRID>45001160000000314010201</EBRID>
      <StateCode>1</StateCode>
      <StateDesc>系统运行正常</StateDesc>
    </EBRPS>
  </EBRPSState>
</EBD>
