<?xml version="1.0" encoding="utf-8" standalone="yes"?>
<EBD xmlns:xsi="http://www.w3.org/2001/XMLSchema-instance" xmlns:xsd="http://www.w3.org/2001/XMLSchema">
  <EBDVersion>1.0</EBDVersion>
  <EBDID>10450011600000003140102010000000000000095</EBDID>
  <EBDType>EBRDTInfo</EBDType>
  <SRC>
    <EBRID>45001160000000314010201</EBRID>
    <URL>http://192.168.4.193:7500</URL>
  </SRC>
  <DEST>
    <EBRID>45001160000000101010101</EBRID>
  </DEST>
  <EBDTime>2018-09-10 13:11:41</EBDTime>
  <EBRDTInfo>
    <EBRDT />
  </EBRDTInfo>
</EBD>
